zxrubbertech.com/de/,https://www.zxrubbertech.com/,301,true,false,false,false
www.zxrubbertech.com/de/,https://www.zxrubbertech.com/,301,true,false,false,false
zxrubbertech.com/zh/,https://www.zxrubbertech.com/,301,true,false,false,false
www.zxrubbertech.com/zh/,https://www.zxrubbertech.com/,301,true,false,false,false
zxrubbertech.com/ru/,https://www.zxrubbertech.com/,301,true,false,false,false
www.zxrubbertech.com/ru/,https://www.zxrubbertech.com/,301,true,false,false,false
zxrubbertech.com/tr/,https://www.zxrubbertech.com/,301,true,false,false,false
www.zxrubbertech.com/tr/,https://www.zxrubbertech.com/,301,true,false,false,false
zxrubbertech.com/de/products/,https://www.zxrubbertech.com/products/,301,true,false,false,false
www.zxrubbertech.com/de/products/,https://www.zxrubbertech.com/products/,301,true,false,false,false
zxrubbertech.com/zh/products/,https://www.zxrubbertech.com/products/,301,true,false,false,false
www.zxrubbertech.com/zh/products/,https://www.zxrubbertech.com/products/,301,true,false,false,false
zxrubbertech.com/ru/products/,https://www.zxrubbertech.com/products/,301,true,false,false,false
www.zxrubbertech.com/ru/products/,https://www.zxrubbertech.com/products/,301,true,false,false,false
zxrubbertech.com/tr/products/,https://www.zxrubbertech.com/products/,301,true,false,false,false
www.zxrubbertech.com/tr/products/,https://www.zxrubbertech.com/products/,301,true,false,false,false
zxrubbertech.com/products/suspension-bushing/,https://www.zxrubbertech.com/products/#c-automotive,301,true,false,false,false
www.zxrubbertech.com/products/suspension-bushing/,https://www.zxrubbertech.com/products/#c-automotive,301,true,false,false,false
zxrubbertech.com/de/products/suspension-bushing/,https://www.zxrubbertech.com/products/#c-automotive,301,true,false,false,false
www.zxrubbertech.com/de/products/suspension-bushing/,https://www.zxrubbertech.com/products/#c-automotive,301,true,false,false,false
zxrubbertech.com/zh/products/suspension-bushing/,https://www.zxrubbertech.com/products/#c-automotive,301,true,false,false,false
www.zxrubbertech.com/zh/products/suspension-bushing/,https://www.zxrubbertech.com/products/#c-automotive,301,true,false,false,false
zxrubbertech.com/ru/products/suspension-bushing/,https://www.zxrubbertech.com/products/#c-automotive,301,true,false,false,false
www.zxrubbertech.com/ru/products/suspension-bushing/,https://www.zxrubbertech.com/products/#c-automotive,301,true,false,false,false
zxrubbertech.com/tr/products/suspension-bushing/,https://www.zxrubbertech.com/products/#c-automotive,301,true,false,false,false
www.zxrubbertech.com/tr/products/suspension-bushing/,https://www.zxrubbertech.com/products/#c-automotive,301,true,false,false,false
zxrubbertech.com/products/shock-absorber-dust-cover/,https://www.zxrubbertech.com/products/#c-automotive,301,true,false,false,false
www.zxrubbertech.com/products/shock-absorber-dust-cover/,https://www.zxrubbertech.com/products/#c-automotive,301,true,false,false,false
zxrubbertech.com/de/products/shock-absorber-dust-cover/,https://www.zxrubbertech.com/products/#c-automotive,301,true,false,false,false
www.zxrubbertech.com/de/products/shock-absorber-dust-cover/,https://www.zxrubbertech.com/products/#c-automotive,301,true,false,false,false
zxrubbertech.com/zh/products/shock-absorber-dust-cover/,https://www.zxrubbertech.com/products/#c-automotive,301,true,false,false,false
www.zxrubbertech.com/zh/products/shock-absorber-dust-cover/,https://www.zxrubbertech.com/products/#c-automotive,301,true,false,false,false
zxrubbertech.com/ru/products/shock-absorber-dust-cover/,https://www.zxrubbertech.com/products/#c-automotive,301,true,false,false,false
www.zxrubbertech.com/ru/products/shock-absorber-dust-cover/,https://www.zxrubbertech.com/products/#c-automotive,301,true,false,false,false
zxrubbertech.com/tr/products/shock-absorber-dust-cover/,https://www.zxrubbertech.com/products/#c-automotive,301,true,false,false,false
www.zxrubbertech.com/tr/products/shock-absorber-dust-cover/,https://www.zxrubbertech.com/products/#c-automotive,301,true,false,false,false
zxrubbertech.com/products/ball-joint-dust-cover/,https://www.zxrubbertech.com/products/#c-automotive,301,true,false,false,false
www.zxrubbertech.com/products/ball-joint-dust-cover/,https://www.zxrubbertech.com/products/#c-automotive,301,true,false,false,false
zxrubbertech.com/de/products/ball-joint-dust-cover/,https://www.zxrubbertech.com/products/#c-automotive,301,true,false,false,false
www.zxrubbertech.com/de/products/ball-joint-dust-cover/,https://www.zxrubbertech.com/products/#c-automotive,301,true,false,false,false
zxrubbertech.com/zh/products/ball-joint-dust-cover/,https://www.zxrubbertech.com/products/#c-automotive,301,true,false,false,false
www.zxrubbertech.com/zh/products/ball-joint-dust-cover/,https://www.zxrubbertech.com/products/#c-automotive,301,true,false,false,false
zxrubbertech.com/ru/products/ball-joint-dust-cover/,https://www.zxrubbertech.com/products/#c-automotive,301,true,false,false,false
www.zxrubbertech.com/ru/products/ball-joint-dust-cover/,https://www.zxrubbertech.com/products/#c-automotive,301,true,false,false,false
zxrubbertech.com/tr/products/ball-joint-dust-cover/,https://www.zxrubbertech.com/products/#c-automotive,301,true,false,false,false
www.zxrubbertech.com/tr/products/ball-joint-dust-cover/,https://www.zxrubbertech.com/products/#c-automotive,301,true,false,false,false
zxrubbertech.com/products/wire-harness-sheath/,https://www.zxrubbertech.com/products/#c-automotive,301,true,false,false,false
www.zxrubbertech.com/products/wire-harness-sheath/,https://www.zxrubbertech.com/products/#c-automotive,301,true,false,false,false
zxrubbertech.com/de/products/wire-harness-sheath/,https://www.zxrubbertech.com/products/#c-automotive,301,true,false,false,false
www.zxrubbertech.com/de/products/wire-harness-sheath/,https://www.zxrubbertech.com/products/#c-automotive,301,true,false,false,false
zxrubbertech.com/zh/products/wire-harness-sheath/,https://www.zxrubbertech.com/products/#c-automotive,301,true,false,false,false
www.zxrubbertech.com/zh/products/wire-harness-sheath/,https://www.zxrubbertech.com/products/#c-automotive,301,true,false,false,false
zxrubbertech.com/ru/products/wire-harness-sheath/,https://www.zxrubbertech.com/products/#c-automotive,301,true,false,false,false
www.zxrubbertech.com/ru/products/wire-harness-sheath/,https://www.zxrubbertech.com/products/#c-automotive,301,true,false,false,false
zxrubbertech.com/tr/products/wire-harness-sheath/,https://www.zxrubbertech.com/products/#c-automotive,301,true,false,false,false
www.zxrubbertech.com/tr/products/wire-harness-sheath/,https://www.zxrubbertech.com/products/#c-automotive,301,true,false,false,false
zxrubbertech.com/products/rubber-wheel/,https://www.zxrubbertech.com/products/#c-industrial,301,true,false,false,false
www.zxrubbertech.com/products/rubber-wheel/,https://www.zxrubbertech.com/products/#c-industrial,301,true,false,false,false
zxrubbertech.com/de/products/rubber-wheel/,https://www.zxrubbertech.com/products/#c-industrial,301,true,false,false,false
www.zxrubbertech.com/de/products/rubber-wheel/,https://www.zxrubbertech.com/products/#c-industrial,301,true,false,false,false
zxrubbertech.com/zh/products/rubber-wheel/,https://www.zxrubbertech.com/products/#c-industrial,301,true,false,false,false
www.zxrubbertech.com/zh/products/rubber-wheel/,https://www.zxrubbertech.com/products/#c-industrial,301,true,false,false,false
zxrubbertech.com/ru/products/rubber-wheel/,https://www.zxrubbertech.com/products/#c-industrial,301,true,false,false,false
www.zxrubbertech.com/ru/products/rubber-wheel/,https://www.zxrubbertech.com/products/#c-industrial,301,true,false,false,false
zxrubbertech.com/tr/products/rubber-wheel/,https://www.zxrubbertech.com/products/#c-industrial,301,true,false,false,false
www.zxrubbertech.com/tr/products/rubber-wheel/,https://www.zxrubbertech.com/products/#c-industrial,301,true,false,false,false
